model_shape_name,simulation_level,backend_variant,timing_scope,weight_source,checkpoint_dir,checkpoint_block_index,device,dtype,requested_dtype,dtype_policy,batch_size,seq_len,tokens,d_model,d_ff,n_experts,top_k,num_shared_experts,shared_expert_intermediate_size,expert_type,activation,routing_semantics,softmax_location,topk_location,gate_weight_semantics,gate_multiply_location,expert_mlp_semantics,expert_path_semantics,bias_semantics,expert_bias_max_abs,mean_forward_ms,std_forward_ms,memory_preflight_enabled,memory_preflight_estimated_bytes,memory_preflight_base_estimated_bytes,memory_preflight_cuda_free_bytes,memory_preflight_cuda_total_bytes,memory_preflight_allowed_bytes,memory_preflight_fraction,memory_preflight_safety_multiplier,ms_per_input_token,assignments,router_flops,active_expert_flops_per_token,active_expert_tflops_per_second,tokens_per_second,ms_per_assignment,padding_factor,phase_profile,phase_path,phase_profile_warmup,phase_profile_iters,phase_sort_ms,phase_histogram_ms,phase_cumsum_ms,phase_capacity_decision_wall_ms,phase_gather_ms,phase_expert_mlp_ms,phase_scatter_ms,phase_gpu_sum_ms,phase_expert_capacity,moe_op_profile,moe_op_profile_scope,moe_op_profile_warmup,moe_op_profile_iters,moe_op_path,moe_op_expert_capacity,moe_op_input_layout_to_megablocks_ms,moe_op_router_projection_matmul_ms,moe_op_router_full_softmax_ms,moe_op_topk_selection_ms,moe_op_selected_softmax_gating_ms,moe_op_router_aux_loss_ms,moe_op_expert_path_dispatch_compute_combine_ms,moe_op_expert_block_dispatch_compute_combine_ms,moe_op_output_layout_to_nano_ms,moe_op_disjoint_replay_sum_ms,moe_op_whole_moe_layer_replay_ms,moe_op_replay_sum_minus_whole_ms,moe_op_main_replay_sum_ms,moe_op_profile_note,tokens_per_expert_min,tokens_per_expert_max,tokens_per_expert_mean,tokens_per_expert_std,expert_imbalance,check_output,correctness_passed,outlier_abs_threshold,max_abs_vs_reference,mean_abs_vs_reference,max_rel_vs_reference,aux_loss_abs_diff,router_expert_set_mismatch_count,router_gate_max_abs,outlier_diagnosis,label
nano_moe_jax,exact_adapter,megablocks_dmoe,moe_layer,trained_nano_checkpoint,results/trained_nano_moe_checkpoint,0,cuda,bfloat16,float32,dmoe_bf16_only_local_grouped_gemm,4,128,512,128,512,4,2,0,0,ffn,gelu_tanh,Nano-compatible adapter routing: router projection matmul; full row-wise softmax over expert logits for aux/load-balance probabilities; top-k over raw logits; row-wise softmax over selected top-k logits for gate weights.,"In current Nano-compatible MegaBlocks runs, softmax is explicit adapter-side routing work. It is not inside the timed MegaBlocks expert path.","In current Nano-compatible MegaBlocks runs, top-k selection is explicit adapter-side routing work over raw router logits.",Gate weights are row-wise softmax over the selected top-k router logits.,Gate multiply and reduce back to token rows are folded into MegaBlocks weighted scatter/combine: ops.binned_scatter for standard MoE and ops.scatter for dMoE.,"FFN expert MLP: W1 matmul, optional expert bias, element-wise gelu_tanh, W2 matmul, optional output bias.","MegaBlocks expert path means dispatch metadata, sort/binning, gather, expert MLP compute, and weighted scatter/combine. Lower-level phase profiling splits this into sort, histogram, cumsum, gather, expert MLP, and scatter/combine.",matched_expert_biases,0.043212890625,0.6708687782287598,0.003895998001098633,True,3728332,2761728,9893314560,10351935488,8903983104,0.9,1.35,0.0013102905824780465,1024,524288,524288,0.40013109077564807,763189.4889367067,0.0006551452912390232,1.0,,,,,,,,,,,,,,True,moe_layer_disjoint_replay,5,20,dmoe_grouped,0,0.008150400221347808,0.015607999265193939,0.004915200173854828,0.013209599256515502,0.004825599864125252,0.05656800270080566,0.4980271816253662,0.4980271816253662,0.007169599831104279,0.6084735829383134,0.6620800018310546,-0.0536064188927412,0.6084735829383134,"Disjoint diagnostic replay. Components are non-overlapping logical MoE blocks and their sum is reported, but split replay is not the authoritative production latency. Use mean_forward_ms for whole-layer latency. expert_path is one real MegaBlocks dispatch/sort/gather, expert MLP, and weighted scatter/combine unit. Gate multiply is folded into weighted scatter/combine. Lower-level gather/MLP/scatter timings require --phase-profile.",240,283,256.0,16.170961380004883,1.10546875,False,,,,,,,,,,nano_moe_jax_megablocks_dmoe_cuda_tok512_t128_bfloat16_trained_nano_checkpoint
nano_moe_jax,exact_adapter,megablocks_moe,moe_layer,trained_nano_checkpoint,results/trained_nano_moe_checkpoint,0,cuda,float32,float32,requested,4,128,512,128,512,4,2,0,0,ffn,gelu_tanh,Nano-compatible adapter routing: router projection matmul; full row-wise softmax over expert logits for aux/load-balance probabilities; top-k over raw logits; row-wise softmax over selected top-k logits for gate weights.,"In current Nano-compatible MegaBlocks runs, softmax is explicit adapter-side routing work. It is not inside the timed MegaBlocks expert path.","In current Nano-compatible MegaBlocks runs, top-k selection is explicit adapter-side routing work over raw router logits.",Gate weights are row-wise softmax over the selected top-k router logits.,Gate multiply and reduce back to token rows are folded into MegaBlocks weighted scatter/combine: ops.binned_scatter for standard MoE and ops.scatter for dMoE.,"FFN expert MLP: W1 matmul, optional expert bias, element-wise gelu_tanh, W2 matmul, optional output bias.","MegaBlocks expert path means dispatch metadata, sort/binning, gather, expert MLP compute, and weighted scatter/combine. Lower-level phase profiling splits this into sort, histogram, cumsum, gather, expert MLP, and scatter/combine.",matched_expert_biases,0.04331197962164879,0.530073595046997,0.0008192062377929688,True,7456665,5523456,9893314560,10351935488,8903983104,0.9,1.35,0.001035299990326166,1024,524288,524288,0.5064116728474282,965903.6118458331,0.000517649995163083,1.109375,,,,,,,,,,,,,,True,moe_layer_disjoint_replay,5,20,standard_moe_binned,284,0.007577600330114365,0.014950400590896607,0.004806400090456009,0.013516800105571746,0.005116799846291542,0.05432959794998169,0.35947039127349856,0.35947039127349856,0.006809599697589874,0.4665775898844004,0.5115903854370117,-0.04501279555261134,0.4665775898844004,"Disjoint diagnostic replay. Components are non-overlapping logical MoE blocks and their sum is reported, but split replay is not the authoritative production latency. Use mean_forward_ms for whole-layer latency. expert_path is one real MegaBlocks dispatch/sort/gather, expert MLP, and weighted scatter/combine unit. Gate multiply is folded into weighted scatter/combine. Lower-level gather/MLP/scatter timings require --phase-profile.",240,284,256.0,16.67333221435547,1.109375,False,,,,,,,,,,nano_moe_jax_megablocks_moe_cuda_tok512_t128_float32_trained_nano_checkpoint
nano_moe_jax,exact_adapter,megablocks_dmoe,moe_layer,trained_nano_checkpoint,results/trained_nano_moe_checkpoint,0,cuda,bfloat16,float32,dmoe_bf16_only_local_grouped_gemm,8,128,1024,128,512,4,2,0,0,ffn,gelu_tanh,Nano-compatible adapter routing: router projection matmul; full row-wise softmax over expert logits for aux/load-balance probabilities; top-k over raw logits; row-wise softmax over selected top-k logits for gate weights.,"In current Nano-compatible MegaBlocks runs, softmax is explicit adapter-side routing work. It is not inside the timed MegaBlocks expert path.","In current Nano-compatible MegaBlocks runs, top-k selection is explicit adapter-side routing work over raw router logits.",Gate weights are row-wise softmax over the selected top-k router logits.,Gate multiply and reduce back to token rows are folded into MegaBlocks weighted scatter/combine: ops.binned_scatter for standard MoE and ops.scatter for dMoE.,"FFN expert MLP: W1 matmul, optional expert bias, element-wise gelu_tanh, W2 matmul, optional output bias.","MegaBlocks expert path means dispatch metadata, sort/binning, gather, expert MLP compute, and weighted scatter/combine. Lower-level phase profiling splits this into sort, histogram, cumsum, gather, expert MLP, and scatter/combine.",matched_expert_biases,0.043212890625,0.6709527969360352,0.0036583900451659934,True,6039705,4473856,9893314560,10351935488,8903983104,0.9,1.35,0.0006552273407578468,2048,1048576,524288,0.8001619703378064,1526187.8401523712,0.0003276136703789234,1.0,,,,,,,,,,,,,,True,moe_layer_disjoint_replay,5,20,dmoe_grouped,0,0.007731200009584427,0.015820799767971037,0.004710400104522705,0.014028799533843995,0.004608000069856644,0.056006401777267456,0.4965375900268555,0.4965375900268555,0.007014399766921997,0.6064575910568237,0.6571008205413819,-0.05064322948455813,0.6064575910568237,"Disjoint diagnostic replay. Components are non-overlapping logical MoE blocks and their sum is reported, but split replay is not the authoritative production latency. Use mean_forward_ms for whole-layer latency. expert_path is one real MegaBlocks dispatch/sort/gather, expert MLP, and weighted scatter/combine unit. Gate multiply is folded into weighted scatter/combine. Lower-level gather/MLP/scatter timings require --phase-profile.",495,545,512.0,20.211383819580078,1.064453125,False,,,,,,,,,,nano_moe_jax_megablocks_dmoe_cuda_tok1024_t128_bfloat16_trained_nano_checkpoint
nano_moe_jax,exact_adapter,megablocks_moe,moe_layer,trained_nano_checkpoint,results/trained_nano_moe_checkpoint,0,cuda,float32,float32,requested,8,128,1024,128,512,4,2,0,0,ffn,gelu_tanh,Nano-compatible adapter routing: router projection matmul; full row-wise softmax over expert logits for aux/load-balance probabilities; top-k over raw logits; row-wise softmax over selected top-k logits for gate weights.,"In current Nano-compatible MegaBlocks runs, softmax is explicit adapter-side routing work. It is not inside the timed MegaBlocks expert path.","In current Nano-compatible MegaBlocks runs, top-k selection is explicit adapter-side routing work over raw router logits.",Gate weights are row-wise softmax over the selected top-k router logits.,Gate multiply and reduce back to token rows are folded into MegaBlocks weighted scatter/combine: ops.binned_scatter for standard MoE and ops.scatter for dMoE.,"FFN expert MLP: W1 matmul, optional expert bias, element-wise gelu_tanh, W2 matmul, optional output bias.","MegaBlocks expert path means dispatch metadata, sort/binning, gather, expert MLP compute, and weighted scatter/combine. Lower-level phase profiling splits this into sort, histogram, cumsum, gather, expert MLP, and scatter/combine.",matched_expert_biases,0.04331197962164879,0.5339135885238647,0.004249596595764182,True,12079411,8947712,9893314560,10351935488,8903983104,0.9,1.35,0.0005213999887928366,2048,1048576,524288,1.0055389552536236,1917913.3515427085,0.0002606999943964183,1.068359375,,,,,,,,,,,,,,True,moe_layer_disjoint_replay,5,20,standard_moe_binned,547,0.007987199723720551,0.014950400590896607,0.0048640001565217975,0.013670399785041809,0.0048640001565217975,0.054927998781204225,0.3686959981918335,0.3686959981918335,0.006809599697589874,0.47676959708333017,0.521667194366455,-0.04489759728312487,0.47676959708333017,"Disjoint diagnostic replay. Components are non-overlapping logical MoE blocks and their sum is reported, but split replay is not the authoritative production latency. Use mean_forward_ms for whole-layer latency. expert_path is one real MegaBlocks dispatch/sort/gather, expert MLP, and weighted scatter/combine unit. Gate multiply is folded into weighted scatter/combine. Lower-level gather/MLP/scatter timings require --phase-profile.",494,547,512.0,21.435951232910156,1.068359375,False,,,,,,,,,,nano_moe_jax_megablocks_moe_cuda_tok1024_t128_float32_trained_nano_checkpoint
nano_moe_jax,exact_adapter,megablocks_dmoe,moe_layer,trained_nano_checkpoint,results/trained_nano_moe_checkpoint,0,cuda,bfloat16,float32,dmoe_bf16_only_local_grouped_gemm,16,128,2048,128,512,4,2,0,0,ffn,gelu_tanh,Nano-compatible adapter routing: router projection matmul; full row-wise softmax over expert logits for aux/load-balance probabilities; top-k over raw logits; row-wise softmax over selected top-k logits for gate weights.,"In current Nano-compatible MegaBlocks runs, softmax is explicit adapter-side routing work. It is not inside the timed MegaBlocks expert path.","In current Nano-compatible MegaBlocks runs, top-k selection is explicit adapter-side routing work over raw router logits.",Gate weights are row-wise softmax over the selected top-k router logits.,Gate multiply and reduce back to token rows are folded into MegaBlocks weighted scatter/combine: ops.binned_scatter for standard MoE and ops.scatter for dMoE.,"FFN expert MLP: W1 matmul, optional expert bias, element-wise gelu_tanh, W2 matmul, optional output bias.","MegaBlocks expert path means dispatch metadata, sort/binning, gather, expert MLP compute, and weighted scatter/combine. Lower-level phase profiling splits this into sort, histogram, cumsum, gather, expert MLP, and scatter/combine.",matched_expert_biases,0.043212890625,0.6631680011749268,0.0017663955688476674,True,10662451,7898112,9893314560,10351935488,8903983104,0.9,1.35,0.00032381250057369473,4096,2097152,524288,1.6191098214896746,3088206.9043916217,0.00016190625028684736,1.0,,,,,,,,,,,,,,True,moe_layer_disjoint_replay,5,20,dmoe_grouped,0,0.007526399940252304,0.015969599783420562,0.004761600121855736,0.018278400599956512,0.0047231998294591905,0.055244797468185426,0.4920224189758301,0.4920224189758301,0.006758400052785873,0.6052848167717457,0.6561183929443359,-0.05083357617259021,0.6052848167717457,"Disjoint diagnostic replay. Components are non-overlapping logical MoE blocks and their sum is reported, but split replay is not the authoritative production latency. Use mean_forward_ms for whole-layer latency. expert_path is one real MegaBlocks dispatch/sort/gather, expert MLP, and weighted scatter/combine unit. Gate multiply is folded into weighted scatter/combine. Lower-level gather/MLP/scatter timings require --phase-profile.",982,1081,1024.0,36.55817413330078,1.0556640625,False,,,,,,,,,,nano_moe_jax_megablocks_dmoe_cuda_tok2048_t128_bfloat16_trained_nano_checkpoint
nano_moe_jax,exact_adapter,megablocks_moe,moe_layer,trained_nano_checkpoint,results/trained_nano_moe_checkpoint,0,cuda,float32,float32,requested,16,128,2048,128,512,4,2,0,0,ffn,gelu_tanh,Nano-compatible adapter routing: router projection matmul; full row-wise softmax over expert logits for aux/load-balance probabilities; top-k over raw logits; row-wise softmax over selected top-k logits for gate weights.,"In current Nano-compatible MegaBlocks runs, softmax is explicit adapter-side routing work. It is not inside the timed MegaBlocks expert path.","In current Nano-compatible MegaBlocks runs, top-k selection is explicit adapter-side routing work over raw router logits.",Gate weights are row-wise softmax over the selected top-k router logits.,Gate multiply and reduce back to token rows are folded into MegaBlocks weighted scatter/combine: ops.binned_scatter for standard MoE and ops.scatter for dMoE.,"FFN expert MLP: W1 matmul, optional expert bias, element-wise gelu_tanh, W2 matmul, optional output bias.","MegaBlocks expert path means dispatch metadata, sort/binning, gather, expert MLP compute, and weighted scatter/combine. Lower-level phase profiling splits this into sort, histogram, cumsum, gather, expert MLP, and scatter/combine.",matched_expert_biases,0.04331197962164879,0.5510887861251831,0.0009959936141967773,True,21324902,15796224,9893314560,10351935488,8903983104,0.9,1.35,0.00026908632135018705,4096,2097152,524288,1.9484007859236192,3716279.5752022155,0.00013454316067509353,1.056640625,,,,,,,,,,,,,,True,moe_layer_disjoint_replay,5,20,standard_moe_binned,1082,0.008140800148248672,0.018430399894714355,0.005017599835991859,0.01802240014076233,0.005371199920773506,0.05790719985961914,0.3769344091415405,0.3769344091415405,0.006963200122117996,0.49678720906376833,0.5381120204925537,-0.04132481142878536,0.49678720906376833,"Disjoint diagnostic replay. Components are non-overlapping logical MoE blocks and their sum is reported, but split replay is not the authoritative production latency. Use mean_forward_ms for whole-layer latency. expert_path is one real MegaBlocks dispatch/sort/gather, expert MLP, and weighted scatter/combine unit. Gate multiply is folded into weighted scatter/combine. Lower-level gather/MLP/scatter timings require --phase-profile.",983,1082,1024.0,36.517120361328125,1.056640625,False,,,,,,,,,,nano_moe_jax_megablocks_moe_cuda_tok2048_t128_float32_trained_nano_checkpoint
nano_moe_jax,exact_adapter,megablocks_dmoe,moe_layer,trained_nano_checkpoint,results/trained_nano_moe_checkpoint,0,cuda,bfloat16,float32,dmoe_bf16_only_local_grouped_gemm,32,128,4096,128,512,4,2,0,0,ffn,gelu_tanh,Nano-compatible adapter routing: router projection matmul; full row-wise softmax over expert logits for aux/load-balance probabilities; top-k over raw logits; row-wise softmax over selected top-k logits for gate weights.,"In current Nano-compatible MegaBlocks runs, softmax is explicit adapter-side routing work. It is not inside the timed MegaBlocks expert path.","In current Nano-compatible MegaBlocks runs, top-k selection is explicit adapter-side routing work over raw router logits.",Gate weights are row-wise softmax over the selected top-k router logits.,Gate multiply and reduce back to token rows are folded into MegaBlocks weighted scatter/combine: ops.binned_scatter for standard MoE and ops.scatter for dMoE.,"FFN expert MLP: W1 matmul, optional expert bias, element-wise gelu_tanh, W2 matmul, optional output bias.","MegaBlocks expert path means dispatch metadata, sort/binning, gather, expert MLP compute, and weighted scatter/combine. Lower-level phase profiling splits this into sort, histogram, cumsum, gather, expert MLP, and scatter/combine.",matched_expert_biases,0.043212890625,0.6806015968322754,0.0029695987701415794,True,19907942,14746624,9893314560,10351935488,8903983104,0.9,1.35,0.00016616249922662973,8192,4194304,524288,3.155272714602838,6018205.098348308,8.308124961331487e-05,1.0,,,,,,,,,,,,,,True,moe_layer_disjoint_replay,5,20,dmoe_grouped,0,0.007516799867153168,0.01541599929332733,0.004608000069856644,0.030718401074409485,0.0045056000351905824,0.05437440276145935,0.511137580871582,0.511137580871582,0.006665600091218948,0.6349423840641976,0.6678016185760498,-0.03285923451185224,0.6349423840641976,"Disjoint diagnostic replay. Components are non-overlapping logical MoE blocks and their sum is reported, but split replay is not the authoritative production latency. Use mean_forward_ms for whole-layer latency. expert_path is one real MegaBlocks dispatch/sort/gather, expert MLP, and weighted scatter/combine unit. Gate multiply is folded into weighted scatter/combine. Lower-level gather/MLP/scatter timings require --phase-profile.",1994,2093,2048.0,41.358192443847656,1.02197265625,False,,,,,,,,,,nano_moe_jax_megablocks_dmoe_cuda_tok4096_t128_bfloat16_trained_nano_checkpoint
nano_moe_jax,exact_adapter,megablocks_moe,moe_layer,trained_nano_checkpoint,results/trained_nano_moe_checkpoint,0,cuda,float32,float32,requested,32,128,4096,128,512,4,2,0,0,ffn,gelu_tanh,Nano-compatible adapter routing: router projection matmul; full row-wise softmax over expert logits for aux/load-balance probabilities; top-k over raw logits; row-wise softmax over selected top-k logits for gate weights.,"In current Nano-compatible MegaBlocks runs, softmax is explicit adapter-side routing work. It is not inside the timed MegaBlocks expert path.","In current Nano-compatible MegaBlocks runs, top-k selection is explicit adapter-side routing work over raw router logits.",Gate weights are row-wise softmax over the selected top-k router logits.,Gate multiply and reduce back to token rows are folded into MegaBlocks weighted scatter/combine: ops.binned_scatter for standard MoE and ops.scatter for dMoE.,"FFN expert MLP: W1 matmul, optional expert bias, element-wise gelu_tanh, W2 matmul, optional output bias.","MegaBlocks expert path means dispatch metadata, sort/binning, gather, expert MLP compute, and weighted scatter/combine. Lower-level phase profiling splits this into sort, histogram, cumsum, gather, expert MLP, and scatter/combine.",matched_expert_biases,0.04331197962164879,0.543235993385315,0.0011224031448364147,True,39815884,29493248,9893314560,10351935488,8903983104,0.9,1.35,0.00013262597494758668,8192,4194304,524288,3.953132108602382,7540001.122669948,6.631298747379334e-05,1.02294921875,,,,,,,,,,,,,,True,moe_layer_disjoint_replay,5,20,standard_moe_binned,2095,0.007372800260782242,0.014643199741840363,0.004812800139188766,0.027596798539161683,0.004761600121855736,0.05555199980735779,0.44671998023986814,0.44671998023986814,0.00676959976553917,0.5682287786155938,0.5390848159790039,0.029143962636589915,0.5682287786155938,"Disjoint diagnostic replay. Components are non-overlapping logical MoE blocks and their sum is reported, but split replay is not the authoritative production latency. Use mean_forward_ms for whole-layer latency. expert_path is one real MegaBlocks dispatch/sort/gather, expert MLP, and weighted scatter/combine unit. Gate multiply is folded into weighted scatter/combine. Lower-level gather/MLP/scatter timings require --phase-profile.",1996,2095,2048.0,40.466033935546875,1.02294921875,False,,,,,,,,,,nano_moe_jax_megablocks_moe_cuda_tok4096_t128_float32_trained_nano_checkpoint
nano_moe_jax,exact_adapter,megablocks_dmoe,moe_layer,trained_nano_checkpoint,results/trained_nano_moe_checkpoint,0,cuda,bfloat16,float32,dmoe_bf16_only_local_grouped_gemm,64,128,8192,128,512,4,2,0,0,ffn,gelu_tanh,Nano-compatible adapter routing: router projection matmul; full row-wise softmax over expert logits for aux/load-balance probabilities; top-k over raw logits; row-wise softmax over selected top-k logits for gate weights.,"In current Nano-compatible MegaBlocks runs, softmax is explicit adapter-side routing work. It is not inside the timed MegaBlocks expert path.","In current Nano-compatible MegaBlocks runs, top-k selection is explicit adapter-side routing work over raw router logits.",Gate weights are row-wise softmax over the selected top-k router logits.,Gate multiply and reduce back to token rows are folded into MegaBlocks weighted scatter/combine: ops.binned_scatter for standard MoE and ops.scatter for dMoE.,"FFN expert MLP: W1 matmul, optional expert bias, element-wise gelu_tanh, W2 matmul, optional output bias.","MegaBlocks expert path means dispatch metadata, sort/binning, gather, expert MLP compute, and weighted scatter/combine. Lower-level phase profiling splits this into sort, histogram, cumsum, gather, expert MLP, and scatter/combine.",matched_expert_biases,0.043212890625,0.7569928169250488,0.0010231971740722878,True,38398924,28443648,9893314560,10351935488,8903983104,0.9,1.35,9.2406349722296e-05,16384,8388608,524288,5.673722656241865,10821767.151340228,4.6203174861148e-05,1.0,,,,,,,,,,,,,,True,moe_layer_disjoint_replay,5,20,dmoe_grouped,0,0.007628799974918365,0.01560640037059784,0.004716800153255462,0.04797599911689758,0.004648000001907349,0.056729602813720706,0.6388735771179199,0.6388735771179199,0.007168000191450119,0.7833471797406674,0.7574495792388916,0.025897600501775808,0.7833471797406674,"Disjoint diagnostic replay. Components are non-overlapping logical MoE blocks and their sum is reported, but split replay is not the authoritative production latency. Use mean_forward_ms for whole-layer latency. expert_path is one real MegaBlocks dispatch/sort/gather, expert MLP, and weighted scatter/combine unit. Gate multiply is folded into weighted scatter/combine. Lower-level gather/MLP/scatter timings require --phase-profile.",4029,4139,4096.0,40.755367279052734,1.010498046875,False,,,,,,,,,,nano_moe_jax_megablocks_dmoe_cuda_tok8192_t128_bfloat16_trained_nano_checkpoint
nano_moe_jax,exact_adapter,megablocks_moe,moe_layer,trained_nano_checkpoint,results/trained_nano_moe_checkpoint,0,cuda,float32,float32,requested,64,128,8192,128,512,4,2,0,0,ffn,gelu_tanh,Nano-compatible adapter routing: router projection matmul; full row-wise softmax over expert logits for aux/load-balance probabilities; top-k over raw logits; row-wise softmax over selected top-k logits for gate weights.,"In current Nano-compatible MegaBlocks runs, softmax is explicit adapter-side routing work. It is not inside the timed MegaBlocks expert path.","In current Nano-compatible MegaBlocks runs, top-k selection is explicit adapter-side routing work over raw router logits.",Gate weights are row-wise softmax over the selected top-k router logits.,Gate multiply and reduce back to token rows are folded into MegaBlocks weighted scatter/combine: ops.binned_scatter for standard MoE and ops.scatter for dMoE.,"FFN expert MLP: W1 matmul, optional expert bias, element-wise gelu_tanh, W2 matmul, optional output bias.","MegaBlocks expert path means dispatch metadata, sort/binning, gather, expert MLP compute, and weighted scatter/combine. Lower-level phase profiling splits this into sort, histogram, cumsum, gather, expert MLP, and scatter/combine.",matched_expert_biases,0.04331197962164879,0.8590816020965576,0.0003039836883544922,True,76797849,56887296,9893314560,10351935488,8903983104,0.9,1.35,0.00010486835963092744,16384,8388608,524288,4.999486993457069,9535764.681734215,5.243417981546372e-05,1.010009765625,,,,,,,,,,,,,,True,moe_layer_disjoint_replay,5,20,standard_moe_binned,4137,0.016227200627326965,0.014182400703430176,0.005017599835991859,0.04766559898853302,0.005425599962472915,0.05637120008468628,0.7221248149871826,0.7221248149871826,0.016128000617027283,0.8831424158066511,0.8552448272705078,0.027897588536143325,0.8831424158066511,"Disjoint diagnostic replay. Components are non-overlapping logical MoE blocks and their sum is reported, but split replay is not the authoritative production latency. Use mean_forward_ms for whole-layer latency. expert_path is one real MegaBlocks dispatch/sort/gather, expert MLP, and weighted scatter/combine unit. Gate multiply is folded into weighted scatter/combine. Lower-level gather/MLP/scatter timings require --phase-profile.",4033,4137,4096.0,38.40572738647461,1.010009765625,False,,,,,,,,,,nano_moe_jax_megablocks_moe_cuda_tok8192_t128_float32_trained_nano_checkpoint
nano_moe_jax,exact_adapter,megablocks_dmoe,moe_layer,trained_nano_checkpoint,results/trained_nano_moe_checkpoint,0,cuda,bfloat16,float32,dmoe_bf16_only_local_grouped_gemm,128,128,16384,128,512,4,2,0,0,ffn,gelu_tanh,Nano-compatible adapter routing: router projection matmul; full row-wise softmax over expert logits for aux/load-balance probabilities; top-k over raw logits; row-wise softmax over selected top-k logits for gate weights.,"In current Nano-compatible MegaBlocks runs, softmax is explicit adapter-side routing work. It is not inside the timed MegaBlocks expert path.","In current Nano-compatible MegaBlocks runs, top-k selection is explicit adapter-side routing work over raw router logits.",Gate weights are row-wise softmax over the selected top-k router logits.,Gate multiply and reduce back to token rows are folded into MegaBlocks weighted scatter/combine: ops.binned_scatter for standard MoE and ops.scatter for dMoE.,"FFN expert MLP: W1 matmul, optional expert bias, element-wise gelu_tanh, W2 matmul, optional output bias.","MegaBlocks expert path means dispatch metadata, sort/binning, gather, expert MLP compute, and weighted scatter/combine. Lower-level phase profiling splits this into sort, histogram, cumsum, gather, expert MLP, and scatter/combine.",matched_expert_biases,0.043212890625,1.175812005996704,0.0011736392974852627,True,75380889,55837696,9893314560,10351935488,8903983104,0.9,1.35,7.176586950663477e-05,32768,16777216,524288,7.305534003897625,13934200.294299364,3.5882934753317386e-05,1.0,,,,,,,,,,,,,,True,moe_layer_disjoint_replay,5,20,dmoe_grouped,0,0.017561599612236023,0.015830400586128234,0.004710400104522705,0.08540160059928895,0.004904000088572502,0.05447520017623901,1.0012160301208497,1.0012160301208497,0.017459200322628023,1.201558431610465,1.1785216331481934,0.02303679846227169,1.201558431610465,"Disjoint diagnostic replay. Components are non-overlapping logical MoE blocks and their sum is reported, but split replay is not the authoritative production latency. Use mean_forward_ms for whole-layer latency. expert_path is one real MegaBlocks dispatch/sort/gather, expert MLP, and weighted scatter/combine unit. Gate multiply is folded into weighted scatter/combine. Lower-level gather/MLP/scatter timings require --phase-profile.",8126,8273,8192.0,53.50233459472656,1.0098876953125,False,,,,,,,,,,nano_moe_jax_megablocks_dmoe_cuda_tok16384_t128_bfloat16_trained_nano_checkpoint
nano_moe_jax,exact_adapter,megablocks_moe,moe_layer,trained_nano_checkpoint,results/trained_nano_moe_checkpoint,0,cuda,float32,float32,requested,128,128,16384,128,512,4,2,0,0,ffn,gelu_tanh,Nano-compatible adapter routing: router projection matmul; full row-wise softmax over expert logits for aux/load-balance probabilities; top-k over raw logits; row-wise softmax over selected top-k logits for gate weights.,"In current Nano-compatible MegaBlocks runs, softmax is explicit adapter-side routing work. It is not inside the timed MegaBlocks expert path.","In current Nano-compatible MegaBlocks runs, top-k selection is explicit adapter-side routing work over raw router logits.",Gate weights are row-wise softmax over the selected top-k router logits.,Gate multiply and reduce back to token rows are folded into MegaBlocks weighted scatter/combine: ops.binned_scatter for standard MoE and ops.scatter for dMoE.,"FFN expert MLP: W1 matmul, optional expert bias, element-wise gelu_tanh, W2 matmul, optional output bias.","MegaBlocks expert path means dispatch metadata, sort/binning, gather, expert MLP compute, and weighted scatter/combine. Lower-level phase profiling splits this into sort, histogram, cumsum, gather, expert MLP, and scatter/combine.",matched_expert_biases,0.04331197962164879,1.4747911930084228,0.00012879371643059745,True,150761779,111675392,9893314560,10351935488,8903983104,0.9,1.35,9.001411090139299e-05,32768,16777216,524288,5.8245090103076995,11109369.297614478,4.5007055450696495e-05,1.00927734375,,,,,,,,,,,,,,True,moe_layer_disjoint_replay,5,20,standard_moe_binned,8268,0.028518399596214293,0.020838400721549986,0.004860800132155419,0.08335360288619995,0.004812800139188766,0.05514079928398132,1.2619872093200684,1.2619872093200684,0.028518399596214293,1.4880304116755725,1.470464038848877,0.017566372826695487,1.4880304116755725,"Disjoint diagnostic replay. Components are non-overlapping logical MoE blocks and their sum is reported, but split replay is not the authoritative production latency. Use mean_forward_ms for whole-layer latency. expert_path is one real MegaBlocks dispatch/sort/gather, expert MLP, and weighted scatter/combine unit. Gate multiply is folded into weighted scatter/combine. Lower-level gather/MLP/scatter timings require --phase-profile.",8130,8268,8192.0,49.47221374511719,1.00927734375,False,,,,,,,,,,nano_moe_jax_megablocks_moe_cuda_tok16384_t128_float32_trained_nano_checkpoint
nano_moe_jax,exact_adapter,megablocks_dmoe,moe_layer,trained_nano_checkpoint,results/trained_nano_moe_checkpoint,0,cuda,bfloat16,float32,dmoe_bf16_only_local_grouped_gemm,256,128,32768,128,512,4,2,0,0,ffn,gelu_tanh,Nano-compatible adapter routing: router projection matmul; full row-wise softmax over expert logits for aux/load-balance probabilities; top-k over raw logits; row-wise softmax over selected top-k logits for gate weights.,"In current Nano-compatible MegaBlocks runs, softmax is explicit adapter-side routing work. It is not inside the timed MegaBlocks expert path.","In current Nano-compatible MegaBlocks runs, top-k selection is explicit adapter-side routing work over raw router logits.",Gate weights are row-wise softmax over the selected top-k router logits.,Gate multiply and reduce back to token rows are folded into MegaBlocks weighted scatter/combine: ops.binned_scatter for standard MoE and ops.scatter for dMoE.,"FFN expert MLP: W1 matmul, optional expert bias, element-wise gelu_tanh, W2 matmul, optional output bias.","MegaBlocks expert path means dispatch metadata, sort/binning, gather, expert MLP compute, and weighted scatter/combine. Lower-level phase profiling splits this into sort, histogram, cumsum, gather, expert MLP, and scatter/combine.",matched_expert_biases,0.043212890625,2.0694751739501953,0.0006879806518553799,True,149344819,110625792,9893314560,10351935488,8903983104,0.9,1.35,6.315537029877305e-05,65536,33554432,524288,8.301558482195862,15833966.221229289,3.1577685149386525e-05,1.0,,,,,,,,,,,,,,True,moe_layer_disjoint_replay,5,20,dmoe_grouped,0,0.030622398853302,0.017291200160980225,0.004520000144839287,0.1620479941368103,0.004604800045490265,0.06104320287704468,1.7884672164916993,1.7884672164916993,0.03056640028953552,2.0991632129997018,2.0628480911254883,0.036315121874213485,2.0991632129997018,"Disjoint diagnostic replay. Components are non-overlapping logical MoE blocks and their sum is reported, but split replay is not the authoritative production latency. Use mean_forward_ms for whole-layer latency. expert_path is one real MegaBlocks dispatch/sort/gather, expert MLP, and weighted scatter/combine unit. Gate multiply is folded into weighted scatter/combine. Lower-level gather/MLP/scatter timings require --phase-profile.",16183,16485,16384.0,119.79357147216797,1.00616455078125,False,,,,,,,,,,nano_moe_jax_megablocks_dmoe_cuda_tok32768_t128_bfloat16_trained_nano_checkpoint
nano_moe_jax,exact_adapter,megablocks_moe,moe_layer,trained_nano_checkpoint,results/trained_nano_moe_checkpoint,0,cuda,float32,float32,requested,256,128,32768,128,512,4,2,0,0,ffn,gelu_tanh,Nano-compatible adapter routing: router projection matmul; full row-wise softmax over expert logits for aux/load-balance probabilities; top-k over raw logits; row-wise softmax over selected top-k logits for gate weights.,"In current Nano-compatible MegaBlocks runs, softmax is explicit adapter-side routing work. It is not inside the timed MegaBlocks expert path.","In current Nano-compatible MegaBlocks runs, top-k selection is explicit adapter-side routing work over raw router logits.",Gate weights are row-wise softmax over the selected top-k router logits.,Gate multiply and reduce back to token rows are folded into MegaBlocks weighted scatter/combine: ops.binned_scatter for standard MoE and ops.scatter for dMoE.,"FFN expert MLP: W1 matmul, optional expert bias, element-wise gelu_tanh, W2 matmul, optional output bias.","MegaBlocks expert path means dispatch metadata, sort/binning, gather, expert MLP compute, and weighted scatter/combine. Lower-level phase profiling splits this into sort, histogram, cumsum, gather, expert MLP, and scatter/combine.",matched_expert_biases,0.04331197962164879,2.7037655830383303,0.010343265533447221,True,298689638,221251584,9893314560,10351935488,8903983104,0.9,1.35,8.251237741205842e-05,65536,33554432,524288,6.354052766917127,12119393.857797865,4.125618870602921e-05,1.00677490234375,,,,,,,,,,,,,,True,moe_layer_disjoint_replay,5,20,standard_moe_binned,16495,0.05294560194015503,0.0431551992893219,0.004761600121855736,0.15882240533828734,0.004652800038456917,0.06338880062103272,2.3517183303833007,2.3517183303833007,0.05294079780578613,2.7323855355381967,2.7174400329589843,0.014945502579212455,2.7323855355381967,"Disjoint diagnostic replay. Components are non-overlapping logical MoE blocks and their sum is reported, but split replay is not the authoritative production latency. Use mean_forward_ms for whole-layer latency. expert_path is one real MegaBlocks dispatch/sort/gather, expert MLP, and weighted scatter/combine unit. Gate multiply is folded into weighted scatter/combine. Lower-level gather/MLP/scatter timings require --phase-profile.",16197,16495,16384.0,115.34730529785156,1.00677490234375,False,,,,,,,,,,nano_moe_jax_megablocks_moe_cuda_tok32768_t128_float32_trained_nano_checkpoint
nano_moe_jax,exact_adapter,megablocks_dmoe,moe_layer,trained_nano_checkpoint,results/trained_nano_moe_checkpoint,0,cuda,bfloat16,float32,dmoe_bf16_only_local_grouped_gemm,512,128,65536,128,512,4,2,0,0,ffn,gelu_tanh,Nano-compatible adapter routing: router projection matmul; full row-wise softmax over expert logits for aux/load-balance probabilities; top-k over raw logits; row-wise softmax over selected top-k logits for gate weights.,"In current Nano-compatible MegaBlocks runs, softmax is explicit adapter-side routing work. It is not inside the timed MegaBlocks expert path.","In current Nano-compatible MegaBlocks runs, top-k selection is explicit adapter-side routing work over raw router logits.",Gate weights are row-wise softmax over the selected top-k router logits.,Gate multiply and reduce back to token rows are folded into MegaBlocks weighted scatter/combine: ops.binned_scatter for standard MoE and ops.scatter for dMoE.,"FFN expert MLP: W1 matmul, optional expert bias, element-wise gelu_tanh, W2 matmul, optional output bias.","MegaBlocks expert path means dispatch metadata, sort/binning, gather, expert MLP compute, and weighted scatter/combine. Lower-level phase profiling splits this into sort, histogram, cumsum, gather, expert MLP, and scatter/combine.",matched_expert_biases,0.043212890625,3.8641145706176756,0.022682380676269487,True,297272678,220201984,9893314560,10351935488,8903983104,0.9,1.35,5.896170914638787e-05,131072,67108864,524288,8.892008179381602,16960159.643901065,2.9480854573193936e-05,1.0,,,,,,,,,,,,,,True,moe_layer_disjoint_replay,5,20,dmoe_grouped,0,0.056576001644134524,0.02948960065841675,0.004560000076889992,0.35143680572509767,0.00469760000705719,0.0643455982208252,3.2854591369628907,3.2854591369628907,0.056831997632980344,3.8533967409282925,3.8012943267822266,0.05210241414606598,3.8533967409282925,"Disjoint diagnostic replay. Components are non-overlapping logical MoE blocks and their sum is reported, but split replay is not the authoritative production latency. Use mean_forward_ms for whole-layer latency. expert_path is one real MegaBlocks dispatch/sort/gather, expert MLP, and weighted scatter/combine unit. Gate multiply is folded into weighted scatter/combine. Lower-level gather/MLP/scatter timings require --phase-profile.",32421,32968,32768.0,218.29910278320312,1.006103515625,False,,,,,,,,,,nano_moe_jax_megablocks_dmoe_cuda_tok65536_t128_bfloat16_trained_nano_checkpoint
nano_moe_jax,exact_adapter,megablocks_moe,moe_layer,trained_nano_checkpoint,results/trained_nano_moe_checkpoint,0,cuda,float32,float32,requested,512,128,65536,128,512,4,2,0,0,ffn,gelu_tanh,Nano-compatible adapter routing: router projection matmul; full row-wise softmax over expert logits for aux/load-balance probabilities; top-k over raw logits; row-wise softmax over selected top-k logits for gate weights.,"In current Nano-compatible MegaBlocks runs, softmax is explicit adapter-side routing work. It is not inside the timed MegaBlocks expert path.","In current Nano-compatible MegaBlocks runs, top-k selection is explicit adapter-side routing work over raw router logits.",Gate weights are row-wise softmax over the selected top-k router logits.,Gate multiply and reduce back to token rows are folded into MegaBlocks weighted scatter/combine: ops.binned_scatter for standard MoE and ops.scatter for dMoE.,"FFN expert MLP: W1 matmul, optional expert bias, element-wise gelu_tanh, W2 matmul, optional output bias.","MegaBlocks expert path means dispatch metadata, sort/binning, gather, expert MLP compute, and weighted scatter/combine. Lower-level phase profiling splits this into sort, histogram, cumsum, gather, expert MLP, and scatter/combine.",matched_expert_biases,0.04331197962164879,5.264896011352539,0.005478286743163974,True,594545356,440403968,9893314560,10351935488,8903983104,0.9,1.35,8.0335937673226e-05,131072,67108864,524288,6.526195065184786,12447729.235047886,4.0167968836613e-05,1.0064697265625,,,,,,,,,,,,,,True,moe_layer_disjoint_replay,5,20,standard_moe_binned,32980,0.10193920135498047,0.08473600149154663,0.0050687998533248905,0.3565567970275879,0.005017599835991859,0.0657920002937317,4.564736175537109,4.564736175537109,0.10159519910812378,5.285441774502396,5.238988876342773,0.04645289815962261,5.285441774502396,"Disjoint diagnostic replay. Components are non-overlapping logical MoE blocks and their sum is reported, but split replay is not the authoritative production latency. Use mean_forward_ms for whole-layer latency. expert_path is one real MegaBlocks dispatch/sort/gather, expert MLP, and weighted scatter/combine unit. Gate multiply is folded into weighted scatter/combine. Lower-level gather/MLP/scatter timings require --phase-profile.",32451,32980,32768.0,203.44900512695312,1.0064697265625,False,,,,,,,,,,nano_moe_jax_megablocks_moe_cuda_tok65536_t128_float32_trained_nano_checkpoint
nano_moe_jax,exact_adapter,megablocks_dmoe,moe_layer,trained_nano_checkpoint,results/trained_nano_moe_checkpoint,0,cuda,bfloat16,float32,dmoe_bf16_only_local_grouped_gemm,1024,128,131072,128,512,4,2,0,0,ffn,gelu_tanh,Nano-compatible adapter routing: router projection matmul; full row-wise softmax over expert logits for aux/load-balance probabilities; top-k over raw logits; row-wise softmax over selected top-k logits for gate weights.,"In current Nano-compatible MegaBlocks runs, softmax is explicit adapter-side routing work. It is not inside the timed MegaBlocks expert path.","In current Nano-compatible MegaBlocks runs, top-k selection is explicit adapter-side routing work over raw router logits.",Gate weights are row-wise softmax over the selected top-k router logits.,Gate multiply and reduce back to token rows are folded into MegaBlocks weighted scatter/combine: ops.binned_scatter for standard MoE and ops.scatter for dMoE.,"FFN expert MLP: W1 matmul, optional expert bias, element-wise gelu_tanh, W2 matmul, optional output bias.","MegaBlocks expert path means dispatch metadata, sort/binning, gather, expert MLP compute, and weighted scatter/combine. Lower-level phase profiling splits this into sort, histogram, cumsum, gather, expert MLP, and scatter/combine.",matched_expert_biases,0.043212890625,7.383160781860351,0.02460899353027335,True,593128396,439354368,9893314560,10351935488,8903983104,0.9,1.35,5.6329046492464835e-05,262144,134217728,524288,9.30759586122471,17752830.240678236,2.8164523246232417e-05,1.0,,,,,,,,,,,,,,True,moe_layer_disjoint_replay,5,20,dmoe_grouped,0,0.10874719619750976,0.054016000032424925,0.004923199862241745,0.6383024215698242,0.004904000088572502,0.06296319961547851,6.380697631835938,6.380697631835938,0.1094655990600586,7.364019248262048,7.357389068603515,0.006630179658532853,7.364019248262048,"Disjoint diagnostic replay. Components are non-overlapping logical MoE blocks and their sum is reported, but split replay is not the authoritative production latency. Use mean_forward_ms for whole-layer latency. expert_path is one real MegaBlocks dispatch/sort/gather, expert MLP, and weighted scatter/combine unit. Gate multiply is folded into weighted scatter/combine. Lower-level gather/MLP/scatter timings require --phase-profile.",65331,65780,65536.0,199.44046020507812,1.00372314453125,False,,,,,,,,,,nano_moe_jax_megablocks_dmoe_cuda_tok131072_t128_bfloat16_trained_nano_checkpoint
nano_moe_jax,exact_adapter,megablocks_dmoe,moe_layer,trained_nano_checkpoint,results/trained_nano_moe_checkpoint,0,cuda,bfloat16,float32,dmoe_bf16_only_local_grouped_gemm,2048,128,262144,128,512,4,2,0,0,ffn,gelu_tanh,Nano-compatible adapter routing: router projection matmul; full row-wise softmax over expert logits for aux/load-balance probabilities; top-k over raw logits; row-wise softmax over selected top-k logits for gate weights.,"In current Nano-compatible MegaBlocks runs, softmax is explicit adapter-side routing work. It is not inside the timed MegaBlocks expert path.","In current Nano-compatible MegaBlocks runs, top-k selection is explicit adapter-side routing work over raw router logits.",Gate weights are row-wise softmax over the selected top-k router logits.,Gate multiply and reduce back to token rows are folded into MegaBlocks weighted scatter/combine: ops.binned_scatter for standard MoE and ops.scatter for dMoE.,"FFN expert MLP: W1 matmul, optional expert bias, element-wise gelu_tanh, W2 matmul, optional output bias.","MegaBlocks expert path means dispatch metadata, sort/binning, gather, expert MLP compute, and weighted scatter/combine. Lower-level phase profiling splits this into sort, histogram, cumsum, gather, expert MLP, and scatter/combine.",matched_expert_biases,0.043212890625,14.485964965820312,0.030873107910156072,True,1184839833,877659136,9893314560,10351935488,8903983104,0.9,1.35,5.525957094505429e-05,524288,268435456,524288,9.48773200793235,18096412.673821162,2.7629785472527145e-05,1.0,,,,,,,,,,,,,,True,moe_layer_disjoint_replay,5,20,dmoe_grouped,0,0.2127824068069458,0.10327039957046509,0.006803199648857117,1.2547967910766602,0.004812800139188766,0.0828927993774414,12.626943969726563,12.626943969726563,0.21416959762573243,14.506471963971853,14.46666259765625,0.03980936631560361,14.506471963971853,"Disjoint diagnostic replay. Components are non-overlapping logical MoE blocks and their sum is reported, but split replay is not the authoritative production latency. Use mean_forward_ms for whole-layer latency. expert_path is one real MegaBlocks dispatch/sort/gather, expert MLP, and weighted scatter/combine unit. Gate multiply is folded into weighted scatter/combine. Lower-level gather/MLP/scatter timings require --phase-profile.",130719,131555,131072.0,303.7622375488281,1.0036849975585938,False,,,,,,,,,,nano_moe_jax_megablocks_dmoe_cuda_tok262144_t128_bfloat16_trained_nano_checkpoint
nano_moe_jax,exact_adapter,megablocks_dmoe,moe_layer,trained_nano_checkpoint,results/trained_nano_moe_checkpoint,0,cuda,bfloat16,float32,dmoe_bf16_only_local_grouped_gemm,4096,128,524288,128,512,4,2,0,0,ffn,gelu_tanh,Nano-compatible adapter routing: router projection matmul; full row-wise softmax over expert logits for aux/load-balance probabilities; top-k over raw logits; row-wise softmax over selected top-k logits for gate weights.,"In current Nano-compatible MegaBlocks runs, softmax is explicit adapter-side routing work. It is not inside the timed MegaBlocks expert path.","In current Nano-compatible MegaBlocks runs, top-k selection is explicit adapter-side routing work over raw router logits.",Gate weights are row-wise softmax over the selected top-k router logits.,Gate multiply and reduce back to token rows are folded into MegaBlocks weighted scatter/combine: ops.binned_scatter for standard MoE and ops.scatter for dMoE.,"FFN expert MLP: W1 matmul, optional expert bias, element-wise gelu_tanh, W2 matmul, optional output bias.","MegaBlocks expert path means dispatch metadata, sort/binning, gather, expert MLP compute, and weighted scatter/combine. Lower-level phase profiling splits this into sort, histogram, cumsum, gather, expert MLP, and scatter/combine.",matched_expert_biases,0.043212890625,28.723046875,0.006246948242187855,True,2368262707,1754268672,9893314560,10351935488,8903983104,0.9,1.35,5.47848641872406e-05,1048576,536870912,524288,9.569942497404359,18253216.738518447,2.73924320936203e-05,1.0,,,,,,,,,,,,,,True,moe_layer_disjoint_replay,5,20,dmoe_grouped,0,0.4224080085754395,0.20142080783843994,0.015462400019168853,2.460313606262207,0.006451199948787689,0.13834240436553955,25.086822509765625,25.086822509765625,0.4226560115814209,28.753876948356627,28.761959838867188,-0.008082890510561214,28.753876948356627,"Disjoint diagnostic replay. Components are non-overlapping logical MoE blocks and their sum is reported, but split replay is not the authoritative production latency. Use mean_forward_ms for whole-layer latency. expert_path is one real MegaBlocks dispatch/sort/gather, expert MLP, and weighted scatter/combine unit. Gate multiply is folded into weighted scatter/combine. Lower-level gather/MLP/scatter timings require --phase-profile.",261744,262714,262144.0,356.0329895019531,1.0021743774414062,False,,,,,,,,,,nano_moe_jax_megablocks_dmoe_cuda_tok524288_t128_bfloat16_trained_nano_checkpoint
